{"categorical_accuracy": [0.198486328125, 0.40233832597732544], "loss": [3.948418140411377, 2.345691204071045], "val_categorical_accuracy": [0.23683564364910126, 0.25802502036094666], "val_loss": [1.39875328540802, 1.3804898262023926]}