{"categorical_accuracy": [0.8148578405380249, 0.8706760406494141, 0.8800148963928223, 0.8732661008834839, 0.8985056281089783, 0.8963773846626282, 0.9065886735916138, 0.9180538058280945], "loss": [17.49624252319336, 6.802119255065918, 3.273784875869751, 1.9977731704711914, 1.3958483934402466, 1.1470303535461426, 0.9876646399497986, 0.863711416721344], "val_categorical_accuracy": [0.8225957155227661, 0.8264934420585632, 0.856803834438324, 0.8596468567848206, 0.8695685863494873, 0.8609697222709656, 0.8514719009399414, 0.8656783103942871], "val_loss": [10.227746963500977, 4.684446334838867, 2.6273581981658936, 1.6808173656463623, 1.464168667793274, 1.22156822681427, 1.2354376316070557, 1.0808181762695312]}