{"categorical_accuracy": [0.2505030035972595, 0.2683463990688324, 0.2734133005142212, 0.27800697088241577, 0.27507349848747253, 0.29519402980804443, 0.3049542009830475, 0.30863770842552185], "loss": [1.1006014347076416, 1.0959227085113525, 1.0934300422668457, 1.0919623374938965, 1.0922784805297852, 1.0853216648101807, 1.0819264650344849, 1.080149531364441], "val_categorical_accuracy": [0.28694120049476624, 0.3091449737548828, 0.3123110234737396, 0.3246423900127411, 0.33489754796028137, 0.33810287714004517, 0.3526637852191925, 0.36422908306121826], "val_loss": [1.1047897338867188, 1.089157223701477, 1.0852550268173218, 1.0811361074447632, 1.0775552988052368, 1.0764530897140503, 1.0723004341125488, 1.0680837631225586]}