{
    "low": {
        "predicted": {
            "accuracy": 0.9520587836371526,
            "precision": 0.7687011486019787,
            "recall": 0.37736251296338674,
            "f1": 0.41249958411187293
        },
        "fmask": {
            "accuracy": 0.9732140435112845,
            "precision": 0.793813479875937,
            "recall": 0.602401929944307,
            "f1": 0.6086859462028346
        }
    },
    "middle": {
        "predicted": {
            "accuracy": 0.7032391357421875,
            "precision": 0.8591205826194905,
            "recall": 0.5151883318942697,
            "f1": 0.5711088505118361
        },
        "fmask": {
            "accuracy": 0.7971529812282988,
            "precision": 0.9007012434661837,
            "recall": 0.7016756628320945,
            "f1": 0.7224666213131046
        }
    },
    "high": {
        "predicted": {
            "accuracy": 0.7152703179253476,
            "precision": 0.9755639191575547,
            "recall": 0.7134075052708034,
            "f1": 0.771467914704748
        },
        "fmask": {
            "accuracy": 0.9749912516276039,
            "precision": 0.9800233212481142,
            "recall": 0.9921966160646241,
            "f1": 0.9854647017353725
        }
    },
    "only clouds": {
        "predicted": {
            "accuracy": 0.9879371473524308,
            "precision": 1.0,
            "recall": 0.9879371473524308,
            "f1": 0.9937427668808178
        },
        "fmask": {
            "accuracy": 1.0,
            "precision": 1.0,
            "recall": 1.0,
            "f1": 1.0
        }
    },
    "no clouds": {
        "predicted": {
            "accuracy": 0.9402292209201388,
            "precision": 0.56,
            "recall": 1.0,
            "f1": 0.56
        },
        "fmask": {
            "accuracy": 1.0,
            "precision": 1.0,
            "recall": 1.0,
            "f1": 1.0
        }
    }
}