Alpha,Accuracy,Precision,Recall,F1 Score
0.9,0.6819058566623265,0.6688910921139872,0.7613232101856329,0.5071018564909949
0.92,0.6270254855685764,0.7130478897438435,0.6837637020145328,0.4647438126797045
0.9400000000000001,0.6014398871527777,0.7531292153945128,0.6493243476272562,0.4741825257918119
0.96,0.626586168077257,0.7086925157669458,0.6807077961676277,0.4336840725462936
0.98,0.5418406168619792,0.8689255454058682,0.5059214345176517,0.4128149605122286
