{
    "low": {
        "mean_brightness": 0.3944261372089386,
        "std_brightness": 0.17660808563232422,
        "mean_contrast": 0.47712305188179016,
        "std_contrast": 0.10566501319408417,
        "mean_low_intensity_fraction": 0.01970195855034722,
        "mean_local_uniformity": 0.0004948893911205232,
        "mean_high_intensity_fraction": 0.009128919813368056,
        "mean_blur_index": 3.5812289420871636e-05,
        "num_images": 500
    },
    "middle": {
        "mean_brightness": 0.5170179009437561,
        "std_brightness": 0.19483639299869537,
        "mean_contrast": 0.5340648293495178,
        "std_contrast": 0.07587695121765137,
        "mean_low_intensity_fraction": 0.01212253146701389,
        "mean_local_uniformity": 0.0008830250590108335,
        "mean_high_intensity_fraction": 0.030458292643229166,
        "mean_blur_index": 4.4690391164934246e-05,
        "num_images": 500
    },
    "high": {
        "mean_brightness": 0.6685625910758972,
        "std_brightness": 0.1324245035648346,
        "mean_contrast": 0.4974460303783417,
        "std_contrast": 0.09485210478305817,
        "mean_low_intensity_fraction": 0.0014538031684027777,
        "mean_local_uniformity": 0.00048220710596069694,
        "mean_high_intensity_fraction": 0.062473619249131945,
        "mean_blur_index": 3.074275492729136e-05,
        "num_images": 500
    },
    "only clouds": {
        "mean_brightness": 0.7383192181587219,
        "std_brightness": 0.07815226167440414,
        "mean_contrast": 0.4039437174797058,
        "std_contrast": 0.1312185525894165,
        "mean_low_intensity_fraction": 5.088975694444445e-05,
        "mean_local_uniformity": 0.0001881670905277133,
        "mean_high_intensity_fraction": 0.16542549641927085,
        "mean_blur_index": 2.527252820486419e-05,
        "num_images": 500
    },
    "no clouds": {
        "mean_brightness": 0.4427128732204437,
        "std_brightness": 0.18285071849822998,
        "mean_contrast": 0.4150233566761017,
        "std_contrast": 0.11201028525829315,
        "mean_low_intensity_fraction": 0.02939495171440972,
        "mean_local_uniformity": 0.00039143874892033637,
        "mean_high_intensity_fraction": 0.0036010335286458337,
        "mean_blur_index": 3.0492373982088338e-05,
        "num_images": 500
    }
}