{
    "low": {
        "mean_brightness": 0.40180110931396484,
        "std_brightness": 0.17586547136306763,
        "mean_contrast": 0.49238017201423645,
        "std_contrast": 0.09390945732593536,
        "mean_low_intensity_fraction": 0.018798014322916667,
        "mean_local_uniformity": 0.000530908873770386,
        "mean_high_intensity_fraction": 0.005813869900173612,
        "mean_blur_index": 3.7849419840338144e-05,
        "num_images": 100
    },
    "middle": {
        "mean_brightness": 0.5104487538337708,
        "std_brightness": 0.1927807331085205,
        "mean_contrast": 0.5392652153968811,
        "std_contrast": 0.06760916113853455,
        "mean_low_intensity_fraction": 0.01079366048177083,
        "mean_local_uniformity": 0.0008430322050116956,
        "mean_high_intensity_fraction": 0.027382269965277775,
        "mean_blur_index": 4.238409231078821e-05,
        "num_images": 100
    },
    "high": {
        "mean_brightness": 0.6584262847900391,
        "std_brightness": 0.13693717122077942,
        "mean_contrast": 0.5112513303756714,
        "std_contrast": 0.087541364133358,
        "mean_low_intensity_fraction": 0.0009457058376736111,
        "mean_local_uniformity": 0.0005365159595385194,
        "mean_high_intensity_fraction": 0.05628044976128473,
        "mean_blur_index": 3.22081654640261e-05,
        "num_images": 100
    },
    "only clouds": {
        "mean_brightness": 0.7443592548370361,
        "std_brightness": 0.07241653650999069,
        "mean_contrast": 0.3829367458820343,
        "std_contrast": 0.12401475012302399,
        "mean_low_intensity_fraction": 5.560980902777777e-05,
        "mean_local_uniformity": 0.00017560026026330888,
        "mean_high_intensity_fraction": 0.21525173611111115,
        "mean_blur_index": 2.5538004767838202e-05,
        "num_images": 100
    },
    "no clouds": {
        "mean_brightness": 0.43292590975761414,
        "std_brightness": 0.17937099933624268,
        "mean_contrast": 0.411155104637146,
        "std_contrast": 0.1129196435213089,
        "mean_low_intensity_fraction": 0.02653564453125,
        "mean_local_uniformity": 0.0003572053974494338,
        "mean_high_intensity_fraction": 0.0014478217230902777,
        "mean_blur_index": 2.9678115020332247e-05,
        "num_images": 100
    }
}