{
    "low": {
        "mean_brightness": 0.40180110931396484,
        "std_brightness": 0.17586547136306763,
        "mean_contrast": 0.49238017201423645,
        "std_contrast": 0.09390945732593536,
        "mean_low_intensity_fraction": 0.018798014322916667,
        "mean_local_uniformity": 0.000530908873770386,
        "mean_high_intensity_fraction": 0.10585130479600696,
        "mean_blur_index": 3.7849419840338144e-05,
        "mean_entropy": 0.3309228201707205,
        "mean_normalized_entropy": 0.02780563756319169,
        "mean_mid_intensity_fraction": 0.9753881157769098,
        "mean_skewness": 1.8581602573394775,
        "mean_kurtosis": 11.69811809539795,
        "mean_orderliness_coefficient": 0.007881827652454376,
        "num_images": 100
    },
    "middle": {
        "mean_brightness": 0.5104487538337708,
        "std_brightness": 0.1927807331085205,
        "mean_contrast": 0.5392652153968811,
        "std_contrast": 0.06760916113853455,
        "mean_low_intensity_fraction": 0.01079366048177083,
        "mean_local_uniformity": 0.0008430322050116956,
        "mean_high_intensity_fraction": 0.24976732042100694,
        "mean_blur_index": 4.238409231078821e-05,
        "mean_entropy": 0.30526102860768634,
        "mean_normalized_entropy": 0.025649417345269626,
        "mean_mid_intensity_fraction": 0.9618240695529514,
        "mean_skewness": -0.1502646505832672,
        "mean_kurtosis": 1.649870321750641,
        "mean_orderliness_coefficient": 0.011197779327630997,
        "num_images": 100
    },
    "high": {
        "mean_brightness": 0.6584262847900391,
        "std_brightness": 0.13693717122077942,
        "mean_contrast": 0.5112513303756714,
        "std_contrast": 0.087541364133358,
        "mean_low_intensity_fraction": 0.0009457058376736111,
        "mean_local_uniformity": 0.0005365159595385194,
        "mean_high_intensity_fraction": 0.5175282118055556,
        "mean_blur_index": 3.22081654640261e-05,
        "mean_entropy": 0.25902194672160683,
        "mean_normalized_entropy": 0.02176419978452303,
        "mean_mid_intensity_fraction": 0.9427738444010417,
        "mean_skewness": -2.0564701557159424,
        "mean_kurtosis": 10.337367593050002,
        "mean_orderliness_coefficient": 0.008250225335359573,
        "num_images": 100
    },
    "only clouds": {
        "mean_brightness": 0.7443592548370361,
        "std_brightness": 0.07241653650999069,
        "mean_contrast": 0.3829367458820343,
        "std_contrast": 0.12401475012302399,
        "mean_low_intensity_fraction": 5.560980902777777e-05,
        "mean_local_uniformity": 0.00017560026026330888,
        "mean_high_intensity_fraction": 0.8022939046223959,
        "mean_blur_index": 2.5538004767838202e-05,
        "mean_entropy": 0.21591488705741033,
        "mean_normalized_entropy": 0.01814214894856325,
        "mean_mid_intensity_fraction": 0.7846926540798611,
        "mean_skewness": -2.994561195373535,
        "mean_kurtosis": 19.163428572416304,
        "mean_orderliness_coefficient": 0.0038976704236119986,
        "num_images": 100
    },
    "no clouds": {
        "mean_brightness": 0.43292590975761414,
        "std_brightness": 0.17937099933624268,
        "mean_contrast": 0.411155104637146,
        "std_contrast": 0.1129196435213089,
        "mean_low_intensity_fraction": 0.02653564453125,
        "mean_local_uniformity": 0.0003572053974494338,
        "mean_high_intensity_fraction": 0.13369072808159724,
        "mean_blur_index": 2.9678115020332247e-05,
        "mean_entropy": 0.32632572889328004,
        "mean_normalized_entropy": 0.02741936908572776,
        "mean_mid_intensity_fraction": 0.9720165337456598,
        "mean_skewness": 0.6896697282791138,
        "mean_kurtosis": 3.6225256764888765,
        "mean_orderliness_coefficient": 0.007318086456507444,
        "num_images": 100
    }
}