{
    "low": {
        "mean_brightness": 0.3944261372089386,
        "std_brightness": 0.17660808563232422,
        "mean_contrast": 0.47712305188179016,
        "std_contrast": 0.10566501319408417,
        "mean_low_intensity_fraction": 0.01970195855034722,
        "mean_local_uniformity": 0.0004948893911205232,
        "mean_high_intensity_fraction": 0.10886204698350695,
        "mean_blur_index": 3.5812289420871636e-05,
        "mean_entropy": 0.3308368613190121,
        "mean_normalized_entropy": 0.027798414910263993,
        "mean_mid_intensity_fraction": 0.9711691216362847,
        "mean_skewness": 1.9382184743881226,
        "mean_kurtosis": 12.63782579445839,
        "mean_orderliness_coefficient": 0.007233485113829374,
        "num_images": 500
    },
    "middle": {
        "mean_brightness": 0.5170179009437561,
        "std_brightness": 0.19483639299869537,
        "mean_contrast": 0.5340648293495178,
        "std_contrast": 0.07587695121765137,
        "mean_low_intensity_fraction": 0.01212253146701389,
        "mean_local_uniformity": 0.0008830250590108335,
        "mean_high_intensity_fraction": 0.2604108344184028,
        "mean_blur_index": 4.4690391164934246e-05,
        "mean_entropy": 0.30252069316969976,
        "mean_normalized_entropy": 0.025419161922114113,
        "mean_mid_intensity_fraction": 0.9574191758897569,
        "mean_skewness": -0.1575632393360138,
        "mean_kurtosis": 1.432977447271347,
        "mean_orderliness_coefficient": 0.011617640033364296,
        "num_images": 500
    },
    "high": {
        "mean_brightness": 0.6685625910758972,
        "std_brightness": 0.1324245035648346,
        "mean_contrast": 0.4974460303783417,
        "std_contrast": 0.09485210478305817,
        "mean_low_intensity_fraction": 0.0014538031684027777,
        "mean_local_uniformity": 0.00048220710596069694,
        "mean_high_intensity_fraction": 0.550350341796875,
        "mean_blur_index": 3.074275492729136e-05,
        "mean_entropy": 0.25416297091378104,
        "mean_normalized_entropy": 0.021355926580000545,
        "mean_mid_intensity_fraction": 0.9360725775824652,
        "mean_skewness": -2.1343061923980713,
        "mean_kurtosis": 10.457059025764465,
        "mean_orderliness_coefficient": 0.0077010029926896095,
        "num_images": 500
    },
    "only clouds": {
        "mean_brightness": 0.7383192181587219,
        "std_brightness": 0.07815226167440414,
        "mean_contrast": 0.4039437174797058,
        "std_contrast": 0.1312185525894165,
        "mean_low_intensity_fraction": 5.088975694444445e-05,
        "mean_local_uniformity": 0.0001881670905277133,
        "mean_high_intensity_fraction": 0.7894751790364584,
        "mean_blur_index": 2.527252820486419e-05,
        "mean_entropy": 0.21938386050860087,
        "mean_normalized_entropy": 0.018433627845214674,
        "mean_mid_intensity_fraction": 0.8345236138237847,
        "mean_skewness": -3.0451722145080566,
        "mean_kurtosis": 18.086624333620072,
        "mean_orderliness_coefficient": 0.004102139733731747,
        "num_images": 500
    },
    "no clouds": {
        "mean_brightness": 0.4427128732204437,
        "std_brightness": 0.18285071849822998,
        "mean_contrast": 0.4150233566761017,
        "std_contrast": 0.11201028525829315,
        "mean_low_intensity_fraction": 0.02939495171440972,
        "mean_local_uniformity": 0.00039143874892033637,
        "mean_high_intensity_fraction": 0.15172772894965278,
        "mean_blur_index": 3.0492373982088338e-05,
        "mean_entropy": 0.32382078886032106,
        "mean_normalized_entropy": 0.027208892653071783,
        "mean_mid_intensity_fraction": 0.9670040147569444,
        "mean_skewness": 0.5130442380905151,
        "mean_kurtosis": 3.357364661455154,
        "mean_orderliness_coefficient": 0.00771297188475728,
        "num_images": 500
    }
}