{
    "low": {
        "predicted": {
            "accuracy": 0.6948858642578126,
            "precision": 0.3355926892361444,
            "recall": 0.6788182580690354,
            "f1": 0.2765034406636715
        },
        "fmask": {
            "accuracy": 0.9732140435112845,
            "precision": 0.793813479875937,
            "recall": 0.602401929944307,
            "f1": 0.6086859462028346
        }
    },
    "middle": {
        "predicted": {
            "accuracy": 0.6993463812934029,
            "precision": 0.7029146697561608,
            "recall": 0.7224739625837354,
            "f1": 0.6759250447023974
        },
        "fmask": {
            "accuracy": 0.7971529812282988,
            "precision": 0.9007012434661837,
            "recall": 0.7016756628320945,
            "f1": 0.7224666213131046
        }
    },
    "high": {
        "predicted": {
            "accuracy": 0.7600389946831599,
            "precision": 0.9614892434334085,
            "recall": 0.7695698708463574,
            "f1": 0.8166859973704389
        },
        "fmask": {
            "accuracy": 0.9749912516276039,
            "precision": 0.9800233212481142,
            "recall": 0.9921966160646241,
            "f1": 0.9854647017353725
        }
    },
    "only clouds": {
        "predicted": {
            "accuracy": 0.9940057373046876,
            "precision": 1.0,
            "recall": 0.9940057373046876,
            "f1": 0.9969304692458653
        },
        "fmask": {
            "accuracy": 1.0,
            "precision": 1.0,
            "recall": 1.0,
            "f1": 1.0
        }
    },
    "no clouds": {
        "predicted": {
            "accuracy": 0.8693234592013888,
            "precision": 0.02,
            "recall": 1.0,
            "f1": 0.02
        },
        "fmask": {
            "accuracy": 1.0,
            "precision": 1.0,
            "recall": 1.0,
            "f1": 1.0
        }
    }
}