{
    "low": {
        "predicted": {
            "accuracy": 0.7368725585937501,
            "precision": 0.37932251616474566,
            "recall": 0.8261660280086381,
            "f1": 0.41531508376395443
        },
        "fmask": {
            "accuracy": 0.9732140435112845,
            "precision": 0.793813479875937,
            "recall": 0.602401929944307,
            "f1": 0.6086859462028346
        }
    },
    "middle": {
        "predicted": {
            "accuracy": 0.8671136474609373,
            "precision": 0.8529725717771827,
            "recall": 0.9010542593223397,
            "f1": 0.8659121851879972
        },
        "fmask": {
            "accuracy": 0.7971529812282988,
            "precision": 0.9007012434661837,
            "recall": 0.7016756628320945,
            "f1": 0.7224666213131046
        }
    },
    "high": {
        "predicted": {
            "accuracy": 0.967833726671007,
            "precision": 0.9879350492768982,
            "recall": 0.9756686407187619,
            "f1": 0.9810903727382635
        },
        "fmask": {
            "accuracy": 0.9749912516276039,
            "precision": 0.9800233212481142,
            "recall": 0.9921966160646241,
            "f1": 0.9854647017353725
        }
    },
    "only clouds": {
        "predicted": {
            "accuracy": 1.0,
            "precision": 1.0,
            "recall": 1.0,
            "f1": 1.0
        },
        "fmask": {
            "accuracy": 1.0,
            "precision": 1.0,
            "recall": 1.0,
            "f1": 1.0
        }
    },
    "no clouds": {
        "predicted": {
            "accuracy": 0.05118713378906249,
            "precision": 0.0,
            "recall": 1.0,
            "f1": 0.0
        },
        "fmask": {
            "accuracy": 1.0,
            "precision": 1.0,
            "recall": 1.0,
            "f1": 1.0
        }
    }
}