{
    "low": {
        "predicted": {
            "accuracy": 0.33230075412326415,
            "precision": 0.22932134988496825,
            "recall": 0.9560465994771316,
            "f1": 0.2676782728818626
        },
        "fmask": {
            "accuracy": 0.9732140435112845,
            "precision": 0.793813479875937,
            "recall": 0.602401929944307,
            "f1": 0.6086859462028346
        }
    },
    "middle": {
        "predicted": {
            "accuracy": 0.7391518147786458,
            "precision": 0.7514071248538505,
            "recall": 0.8725298961456467,
            "f1": 0.7679444642342748
        },
        "fmask": {
            "accuracy": 0.7971529812282988,
            "precision": 0.9007012434661837,
            "recall": 0.7016756628320945,
            "f1": 0.7224666213131046
        }
    },
    "high": {
        "predicted": {
            "accuracy": 0.9514314778645836,
            "precision": 0.9796419597646933,
            "recall": 0.9687693771624286,
            "f1": 0.9722914079505197
        },
        "fmask": {
            "accuracy": 0.9749912516276039,
            "precision": 0.9800233212481142,
            "recall": 0.9921966160646241,
            "f1": 0.9854647017353725
        }
    },
    "only clouds": {
        "predicted": {
            "accuracy": 0.9998329671223958,
            "precision": 1.0,
            "recall": 0.9998329671223958,
            "f1": 0.9999163801598202
        },
        "fmask": {
            "accuracy": 1.0,
            "precision": 1.0,
            "recall": 1.0,
            "f1": 1.0
        }
    },
    "no clouds": {
        "predicted": {
            "accuracy": 0.09444559733072917,
            "precision": 0.0,
            "recall": 1.0,
            "f1": 0.0
        },
        "fmask": {
            "accuracy": 1.0,
            "precision": 1.0,
            "recall": 1.0,
            "f1": 1.0
        }
    }
}