{
    "low": {
        "predicted": {
            "accuracy": 0.1325388590494791,
            "precision": 0.11199074975830539,
            "recall": 0.9862012012485828,
            "f1": 0.16132596788110296
        },
        "fmask": {
            "accuracy": 0.9732140435112845,
            "precision": 0.793813479875937,
            "recall": 0.602401929944307,
            "f1": 0.6086859462028346
        }
    },
    "middle": {
        "predicted": {
            "accuracy": 0.6214962429470487,
            "precision": 0.6412179600253143,
            "recall": 0.8803727700668007,
            "f1": 0.6919835378746667
        },
        "fmask": {
            "accuracy": 0.7971529812282988,
            "precision": 0.9007012434661837,
            "recall": 0.7016756628320945,
            "f1": 0.7224666213131046
        }
    },
    "high": {
        "predicted": {
            "accuracy": 0.9142924669053822,
            "precision": 0.9693793972183269,
            "recall": 0.9424798289642585,
            "f1": 0.948880481232075
        },
        "fmask": {
            "accuracy": 0.9749912516276039,
            "precision": 0.9800233212481142,
            "recall": 0.9921966160646241,
            "f1": 0.9854647017353725
        }
    },
    "only clouds": {
        "predicted": {
            "accuracy": 0.9981243896484373,
            "precision": 1.0,
            "recall": 0.9981243896484373,
            "f1": 0.9990446900631579
        },
        "fmask": {
            "accuracy": 1.0,
            "precision": 1.0,
            "recall": 1.0,
            "f1": 1.0
        }
    },
    "no clouds": {
        "predicted": {
            "accuracy": 0.0701840549045139,
            "precision": 0.0,
            "recall": 1.0,
            "f1": 0.0
        },
        "fmask": {
            "accuracy": 1.0,
            "precision": 1.0,
            "recall": 1.0,
            "f1": 1.0
        }
    }
}