{
    "low": {
        "predicted": {
            "accuracy": 0.7007010226779516,
            "precision": 0.44869190242181284,
            "recall": 0.9135295286753453,
            "f1": 0.49218494425422826
        },
        "fmask": {
            "accuracy": 0.9732140435112845,
            "precision": 0.793813479875937,
            "recall": 0.602401929944307,
            "f1": 0.6086859462028346
        }
    },
    "middle": {
        "predicted": {
            "accuracy": 0.8636655680338545,
            "precision": 0.8911080333553805,
            "recall": 0.8578737558659228,
            "f1": 0.8538100696289752
        },
        "fmask": {
            "accuracy": 0.7971529812282988,
            "precision": 0.9007012434661837,
            "recall": 0.7016756628320945,
            "f1": 0.7224666213131046
        }
    },
    "high": {
        "predicted": {
            "accuracy": 0.9727547878689233,
            "precision": 0.9908258500070297,
            "recall": 0.9789818075625333,
            "f1": 0.9839277154051586
        },
        "fmask": {
            "accuracy": 0.9749912516276039,
            "precision": 0.9800233212481142,
            "recall": 0.9921966160646241,
            "f1": 0.9854647017353725
        }
    },
    "only clouds": {
        "predicted": {
            "accuracy": 0.9999893527560764,
            "precision": 1.0,
            "recall": 0.9999893527560764,
            "f1": 0.9999946756058173
        },
        "fmask": {
            "accuracy": 1.0,
            "precision": 1.0,
            "recall": 1.0,
            "f1": 1.0
        }
    },
    "no clouds": {
        "predicted": {
            "accuracy": 0.34140896267361115,
            "precision": 0.0,
            "recall": 1.0,
            "f1": 0.0
        },
        "fmask": {
            "accuracy": 1.0,
            "precision": 1.0,
            "recall": 1.0,
            "f1": 1.0
        }
    }
}