{
    "low": {
        "predicted": {
            "accuracy": 0.6682477484809026,
            "precision": 0.49257249494989447,
            "recall": 0.7918264544520254,
            "f1": 0.4370203784312342
        },
        "fmask": {
            "accuracy": 0.9732140435112845,
            "precision": 0.793813479875937,
            "recall": 0.602401929944307,
            "f1": 0.6086859462028346
        }
    },
    "middle": {
        "predicted": {
            "accuracy": 0.7740632459852429,
            "precision": 0.9362182455139682,
            "recall": 0.5979724474830039,
            "f1": 0.6686825631445698
        },
        "fmask": {
            "accuracy": 0.7971529812282988,
            "precision": 0.9007012434661837,
            "recall": 0.7016756628320945,
            "f1": 0.7224666213131046
        }
    },
    "high": {
        "predicted": {
            "accuracy": 0.836852349175347,
            "precision": 0.9945054556654366,
            "recall": 0.8348596769818757,
            "f1": 0.892499890068122
        },
        "fmask": {
            "accuracy": 0.9749912516276039,
            "precision": 0.9800233212481142,
            "recall": 0.9921966160646241,
            "f1": 0.9854647017353725
        }
    },
    "only clouds": {
        "predicted": {
            "accuracy": 0.9899538167317704,
            "precision": 1.0,
            "recall": 0.9899538167317704,
            "f1": 0.9948052656750312
        },
        "fmask": {
            "accuracy": 1.0,
            "precision": 1.0,
            "recall": 1.0,
            "f1": 1.0
        }
    },
    "no clouds": {
        "predicted": {
            "accuracy": 0.3108138020833333,
            "precision": 0.0,
            "recall": 1.0,
            "f1": 0.0
        },
        "fmask": {
            "accuracy": 1.0,
            "precision": 1.0,
            "recall": 1.0,
            "f1": 1.0
        }
    }
}