{
    "low": {
        "predicted": {
            "accuracy": 0.7300265163845485,
            "precision": 0.45849459792231834,
            "recall": 0.8857718047574948,
            "f1": 0.4807939995249913
        },
        "fmask": {
            "accuracy": 0.9732140435112845,
            "precision": 0.793813479875937,
            "recall": 0.602401929944307,
            "f1": 0.6086859462028346
        }
    },
    "middle": {
        "predicted": {
            "accuracy": 0.8716146511501734,
            "precision": 0.8987530284994104,
            "recall": 0.8518645119041622,
            "f1": 0.8619400058428173
        },
        "fmask": {
            "accuracy": 0.7971529812282988,
            "precision": 0.9007012434661837,
            "recall": 0.7016756628320945,
            "f1": 0.7224666213131046
        }
    },
    "high": {
        "predicted": {
            "accuracy": 0.9612609863281254,
            "precision": 0.9881119958353404,
            "recall": 0.9690390881469303,
            "f1": 0.9775046720174312
        },
        "fmask": {
            "accuracy": 0.9749912516276039,
            "precision": 0.9800233212481142,
            "recall": 0.9921966160646241,
            "f1": 0.9854647017353725
        }
    },
    "only clouds": {
        "predicted": {
            "accuracy": 0.9999480523003471,
            "precision": 1.0,
            "recall": 0.9999480523003471,
            "f1": 0.9999740138068854
        },
        "fmask": {
            "accuracy": 1.0,
            "precision": 1.0,
            "recall": 1.0,
            "f1": 1.0
        }
    },
    "no clouds": {
        "predicted": {
            "accuracy": 0.060683525933159725,
            "precision": 0.0,
            "recall": 1.0,
            "f1": 0.0
        },
        "fmask": {
            "accuracy": 1.0,
            "precision": 1.0,
            "recall": 1.0,
            "f1": 1.0
        }
    }
}