{
    "low": {
        "predicted": {
            "accuracy": 0.2683759901258681,
            "precision": 0.19076704209147688,
            "recall": 0.9717508652087146,
            "f1": 0.23294490164532264
        },
        "fmask": {
            "accuracy": 0.9732140435112845,
            "precision": 0.793813479875937,
            "recall": 0.602401929944307,
            "f1": 0.6086859462028346
        }
    },
    "middle": {
        "predicted": {
            "accuracy": 0.7423550075954864,
            "precision": 0.7498786921480647,
            "recall": 0.8841826747041328,
            "f1": 0.7752182234749287
        },
        "fmask": {
            "accuracy": 0.7971529812282988,
            "precision": 0.9007012434661837,
            "recall": 0.7016756628320945,
            "f1": 0.7224666213131046
        }
    },
    "high": {
        "predicted": {
            "accuracy": 0.9583282470703124,
            "precision": 0.9767489413628815,
            "recall": 0.9787939110556827,
            "f1": 0.9759461482410151
        },
        "fmask": {
            "accuracy": 0.9749912516276039,
            "precision": 0.9800233212481142,
            "recall": 0.9921966160646241,
            "f1": 0.9854647017353725
        }
    },
    "only clouds": {
        "predicted": {
            "accuracy": 0.999883355034722,
            "precision": 1.0,
            "recall": 0.999883355034722,
            "f1": 0.9999416021167664
        },
        "fmask": {
            "accuracy": 1.0,
            "precision": 1.0,
            "recall": 1.0,
            "f1": 1.0
        }
    },
    "no clouds": {
        "predicted": {
            "accuracy": 0.17438564724392358,
            "precision": 0.0,
            "recall": 1.0,
            "f1": 0.0
        },
        "fmask": {
            "accuracy": 1.0,
            "precision": 1.0,
            "recall": 1.0,
            "f1": 1.0
        }
    }
}