{"categorical_accuracy": [0.49226081371307373, 0.5059178471565247, 0.5335155725479126, 0.4906946122646332, 0.5089292526245117, 0.5303560495376587, 0.5136333703994751, 0.5583142638206482, 0.5736343860626221, 0.556077778339386, 0.535477876663208, 0.5597785115242004, 0.57197105884552, 0.554446280002594, 0.5484719276428223], "loss": [1.1148000955581665, 1.0753352642059326, 1.0217262506484985, 1.091585636138916, 1.046889305114746, 1.023963451385498, 1.0336709022521973, 0.9798106551170349, 0.969169557094574, 0.9761158227920532, 1.00093412399292, 0.9743567705154419, 0.9533045291900635, 0.967206597328186, 0.9849830865859985], "val_categorical_accuracy": [0.6570438742637634, 0.6857461333274841, 0.6511176228523254, 0.6786024570465088, 0.6495088934898376, 0.6445107460021973, 0.6551507115364075, 0.6229872107505798, 0.6580522060394287, 0.6587454080581665, 0.6323219537734985, 0.6422425508499146, 0.6062498688697815, 0.6351115107536316, 0.6210708022117615], "val_loss": [0.8634878396987915, 0.8151186108589172, 0.855393648147583, 0.8262820839881897, 0.8589897751808167, 0.8700816631317139, 0.8649892210960388, 0.8941748142242432, 0.8473994135856628, 0.8465896844863892, 0.8867848515510559, 0.8738849759101868, 0.9159780740737915, 0.8834323287010193, 0.9024586081504822]}